[{"model": "posts.post", "pk": "119409fc-e277-47a8-bff2-0f8d476ad5d1", "fields": {"title": "rBlog 2017 writeup", "content": "<p>Please, do not write just a link to original writeup here.</p>\r\n\r\n<a href=\"https://blog.cal1.cn/post/RCTF%202017%20rBlog%20%26%20rFile%20writeup\">Original writeup</a>.", "author": "1", "create_at": "2020-05-26T11:41:03.132"}}, {"model": "posts.post", "pk": "205f4402-efeb-4200-97a8-808a3159157f", "fields": {"title": "rBlog 2019 writeup", "content": "<p>Please, do not write just a link to original writeup here.</p>\r\n\r\n<pre>I did not post the writeup on my blog ._.</pre>\r\n\r\n<a href=\"https://www.xctf.org.cn/library/details/6cf4733304d816ebb21ff2e4c810ee90ccb7f97f/#:~:text=rblog2019\">Original writeup</a>.", "author": "1", "create_at": "2020-05-26T11:43:33.696"}}, {"model": "posts.post", "pk": "6292038b-4fba-4344-af2a-6b92a788d606", "fields": {"title": "rBlog 2015 writeup", "content": "<p>Lorem ipsum dolor sit amet, consectetur adipiscing elit, sed do eiusmod tempor incididunt ut labore et dolore magna aliqua. Id neque aliquam vestibulum morbi blandit. Ut etiam sit amet nisl purus. Commodo elit at imperdiet dui accumsan sit amet nulla facilisi. Aenean pharetra magna ac placerat vestibulum lectus mauris. Faucibus et molestie ac feugiat. Amet risus nullam eget felis eget nunc. Auctor eu augue ut lectus arcu bibendum at varius. Turpis tincidunt id aliquet risus feugiat in ante metus dictum. Id neque aliquam vestibulum morbi blandit cursus risus.</p>\r\n\r\n<p>Egestas congue quisque egestas diam in arcu cursus. Commodo quis imperdiet massa tincidunt nunc. Dis parturient montes nascetur ridiculus mus mauris vitae. Aliquam sem et tortor consequat id porta nibh venenatis cras. Pellentesque elit ullamcorper dignissim cras tincidunt lobortis feugiat vivamus at. Eget velit aliquet sagittis id. Quis auctor elit sed vulputate mi sit amet. Aliquet risus feugiat in ante metus dictum at tempor. Malesuada pellentesque elit eget gravida cum sociis natoque penatibus et. Pulvinar pellentesque habitant morbi tristique senectus et netus et malesuada. Non quam lacus suspendisse faucibus interdum posuere lorem ipsum dolor. Egestas quis ipsum suspendisse ultrices gravida dictum fusce ut placerat. A pellentesque sit amet porttitor eget dolor morbi.</p>\r\n\r\n<p>Quam elementum pulvinar etiam non quam lacus. Mauris pellentesque pulvinar pellentesque habitant morbi. Odio eu feugiat pretium nibh ipsum consequat nisl vel pretium. Praesent elementum facilisis leo vel fringilla est. Ante in nibh mauris cursus mattis molestie a iaculis at. Lacus vel facilisis volutpat est velit egestas dui. Ac tortor dignissim convallis aenean et tortor at risus. Odio ut sem nulla pharetra diam sit. Commodo nulla facilisi nullam vehicula ipsum a arcu. Ut porttitor leo a diam.</p>\r\n\r\n<p>Diam vel quam elementum pulvinar etiam non quam lacus suspendisse. Sapien nec sagittis aliquam malesuada bibendum arcu vitae. Malesuada nunc vel risus commodo viverra. Pharetra magna ac placerat vestibulum. Leo vel fringilla est ullamcorper eget nulla facilisi etiam. Sit amet nisl purus in mollis. Quis varius quam quisque id diam vel quam elementum. Nullam eget felis eget nunc lobortis. Phasellus egestas tellus rutrum tellus pellentesque eu tincidunt tortor. Praesent tristique magna sit amet purus gravida. Quis lectus nulla at volutpat. Pulvinar mattis nunc sed blandit libero volutpat sed. Iaculis at erat pellentesque adipiscing commodo elit. Purus in massa tempor nec feugiat. Tellus cras adipiscing enim eu turpis egestas pretium aenean pharetra. Amet consectetur adipiscing elit duis. Orci sagittis eu volutpat odio facilisis mauris sit amet massa.</p>\r\n\r\n<p>Suscipit adipiscing bibendum est ultricies integer quis auctor. Semper eget duis at tellus at urna condimentum. In ornare quam viverra orci. Vel pretium lectus quam id leo. Tincidunt dui ut ornare lectus sit amet. Placerat in egestas erat imperdiet sed euismod nisi porta. Pellentesque elit ullamcorper dignissim cras tincidunt. Volutpat lacus laoreet non curabitur. Gravida neque convallis a cras semper auctor. Consectetur lorem donec massa sapien.</p>", "author": "1", "create_at": "2020-05-26T11:45:49.755"}}, {"model": "posts.post", "pk": "8dfaa99d-da9b-4e90-954e-0f97a6917b91", "fields": {"title": "rBlog 2018 writeup", "content": "<p>Please, do not write just a link to original writeup here.</p>\r\n\r\n<a href=\"https://blog.cal1.cn/post/RCTF%202018%20rBlog%20writeup\">Original writeup</a>.", "author": "1", "create_at": "2020-05-26T11:41:26.956"}}]
