{
   "name": "Scheduler Table Message Table",
   "description":  [
        "Maximum of 32 words per CCSDS message. The first three words are",
        "the primary header that must be big endian:                     ",
        "uint16  StreamId;     /* packet identifier word (stream ID) */  ",
        "  /*  bits  shift                description                  */",
        "  /* 0x07FF    0  : application ID                            */",
        "  /* 0x0800   11  : secondary header: 0 = absent, 1 = present */",
        "  /* 0x1000   12  : packet type:      0 = TLM, 1 = CMD        */",
        "  /* 0xE000   13  : CCSDS version, always set to 0            */",
        "uint16  Sequence;     /* packet sequence word */                ",
        "  /*  bits  shift                description                  */",
        "  /* 0x3FFF    0  : sequence count                            */",
        "  /* 0xC000   14  : segmentation flags:  3 = complete packet  */",
        "uint16  Length;       /* packet length word */                  ",
        "  /*  bits  shift                description                  */",
        "  /* 0xFFFF    0  : (total packet length) - 7                 */"
        ],
   "message-array": [

      {"message": {
         "name":  "CFE_ES_SEND_HK_MID",
         "descr": "0x1808(6152) => 0x0818(2072), 0xC000(49152) => 0x00C0(192), 0x0001 => 0x0100(256)",
         "id": 0,
         "stream-id": 2072,
         "seq-seg": 192,
         "length": 256
      }},

      {"message": {
         "name":  "CFE_EVS_SEND_HK_MID",
         "descr": "0x1809(6153) => 0x0918(2328), 0xC000(49152) => 0x00C0(192), 0x0001 => 0x0100(256)",
         "id": 1,
         "stream-id": 2328,
         "seq-seg": 192,
         "length": 256
      }},

      {"message": {
         "name":  "CFE_SB_SEND_HK_MID",
         "descr": "0x180B(6155) => 0x0B18(2840), 0xC000(49152) => 0x00C0(192), 0x0001 => 0x0100(256)",
         "id": 2,
         "stream-id": 2840,
         "seq-seg": 192,
         "length": 256
      }},

      {"message": {
         "name":  "CFE_TBL_SEND_HK_MID",
         "descr": "0x180C => 0x0C18(3096), 0xC000(49152) => 0x00C0(192), 0x0001 => 0x0100(256)",
         "id": 3,
         "stream-id": 3096,
         "seq-seg": 192,
         "length": 256
      }},

      {"message": {
         "name":  "CFE_TIME_SEND_HK_MID",
         "descr": "0x180D(6157) => 0x0D18(3352), 0xC000(49152) => 0x00C0(192), 0x0001 => 0x0100(256)",
         "id": 4,
         "stream-id": 3352,
         "seq-seg": 192,
         "length": 256
      }},

      {"message": {
         "name":  "CS_SEND_HK_MID",
         "descr": "0x18A0(6304) => 0xA018(40984), 0xC000(49152) => 0x00C0(192), 0x0001 => 0x0100(256)",
         "id": 10,
         "stream-id": 40984,
         "seq-seg": 192,
         "length": 256
      }},

      {"message": {
         "name":  "CS_BACKGROUND_CYCLE_MID",
         "descr": "0x18A1(6305) => 0xA118(41240), 0xC000(49152) => 0x00C0(192), 0x0001 => 0x0100(256)",
         "id": 11,
         "stream-id": 41240,
         "seq-seg": 192,
         "length": 256
      }},

      {"message": {
         "name":  "DS_SEND_HK_MID",
         "descr": "0x18BC(6332) => 0xBC18(48152), 0xC000(49152) => 0x00C0(192), 0x0001 => 0x0100(256)",
         "id": 12,
         "stream-id": 48152,
         "seq-seg": 192,
         "length": 256
      }},

      {"message": {
         "name":  "FM_SEND_HK_MID",
         "descr": "0x188D(6285) => 0x8D18(36120), 0xC000(49152) => 0x00C0(192), 0x0001 => 0x0100(256)",
         "id": 13,
         "stream-id": 36120,
         "seq-seg": 192,
         "length": 256
      }},

      {"message": {
         "name":  "HS_SEND_HK_MID",
         "descr": "0x18AF(6319) => 0xAF18(44824), 0xC000(49152) => 0x00C0(192), 0x0001 => 0x0100(256)",
         "id": 14,
         "stream-id": 44824,
         "seq-seg": 192,
         "length": 256
      }},

      {"message": {
         "name":  "HS_WAKEUP_MID",
         "descr": "0x18B0(6320) => 0xB018(45080), 0xC000(49152) => 0x00C0(192), 0x0001 => 0x0100(256)",
         "id": 15,
         "stream-id": 45080,
         "seq-seg": 192,
         "length": 256
      }},

      {"message": {
         "name":  "LC_SEND_HK_MID",
         "descr": "0x18A5(6309) => 0xA518(42264), 0xC000(49152) => 0x00C0(192), 0x0001 => 0x0100(256)",
         "id": 16,
         "stream-id": 42264,
         "seq-seg": 192,
         "length": 256
      }},

      {"message": {
         "name":  "LC_SAMPLE_AP_MID",
         "descr": "0x18A6(6310) => 0xA618(42520), 0xC000(49152) => 0x00C0(192), 0x0001 => 0x0100(256)",
         "id": 17,
         "stream-id": 42520,
         "seq-seg": 192,
         "length": 256
      }},

      {"message": {
         "name":  "MD_SEND_HK_MID",
         "descr": "0x1891(6289) => 0x9118(37144), 0xC000(49152) => 0x00C0(192), 0x0001 => 0x0100(256)",
         "id": 18,
         "stream-id": 37144,
         "seq-seg": 192,
         "length": 256
      }},

      {"message": {
         "name":  "MD_WAKEUP_MID",
         "descr": "0x1892(6290) => 0x9218(37400), 0xC000(49152) => 0x00C0(192), 0x0001 => 0x0100(256)",
         "id": 19,
         "stream-id": 37400,
         "seq-seg": 192,
         "length": 256
      }},

      {"message": {
         "name":  "MM_SEND_HK_MID",
         "descr": "0x1889(6281) => 0x8918(35096), 0xC000(49152) => 0x00C0(192), 0x0001 => 0x0100(256)",
         "id": 20,
         "stream-id": 35096,
         "seq-seg": 192,
         "length": 256
      }},

      {"message": {
         "name":  "SC_SEND_HK_MID",
         "descr": "0x18AA(6314) => 0xAA18(43544), 0xC000(49152) => 0x00C0(192), 0x0001 => 0x0100(256)",
         "id": 21,
         "stream-id": 43544,
         "seq-seg": 192,
         "length": 256
      }},

      {"message": {
         "name":  "SC_1HZ_WAKEUP_MID",
         "descr": "0x18AB(6315) => 0xAB18(43800), 0xC000(49152) => 0x00C0(192), 0x0001 => 0x0100(256)",
         "id": 22,
         "stream-id": 43800,
         "seq-seg": 192,
         "length": 256
      }},

      {"message": {
         "name":  "HK_SEND_HK_MID",
         "descr": "0x189B(6299) => 0x9B18(39704), 0xC000(49152) => 0x00C0(192), 0x0001 => 0x0100(256)",
         "id": 23,
         "stream-id": 39704,
         "seq-seg": 192,
         "length": 256
      }},

      {"message": {
         "name":  "HK_SEND_COMBINED_PKT_MID: HK_COMBINED_PKT1_MID",
         "descr": "0x189C(6300) => 0x9C18(39960), 0xC000(49152) => 0x00C0(192), 0x0003 => 0x0300(768), Data: 0x089C (2204) => 0x9C08 (39944)",
         "id": 24,
         "stream-id": 39960,
         "seq-seg": 192,
         "length": 768,
         "data-words": "0,2204"
      }},

      {"message": {
         "name":  "HK_SEND_COMBINED_PKT_MID: HK_COMBINED_PKT2_MID",
         "descr": "0x189C(6300) => 0x9C18(39960), 0xC000(49152) => 0x00C0(192), 0x0003 => 0x0300(768), Data: 0x089D (2205) => 0x9D08 (40200)",
         "id": 25,
         "stream-id": 39960,
         "seq-seg": 192,
         "length": 768,
         "data-words": "0,2205"
      }},

      {"message": {
         "name":  "CF_SEND_HK_MID",
         "descr": "0x18B4(6324) => 0xB418(46104), 0xC000(49152) => 0x00C0(192), 0x0001 => 0x0100(256)",
         "id": 26,
         "stream-id": 46104,
         "seq-seg": 192,
         "length": 256
      }},

      {"message": {
         "name":  "CF_WAKE_UP_REQ_CMD_MID",
         "descr": "0x18B5(6325) => 0xB518(46360), 0xC000(49152) => 0x00C0(192), 0x0001 => 0x0100(256)",
         "id": 27,
         "stream-id": 46360,
         "seq-seg": 192,
         "length": 256
      }},

      {"message": {
         "name":  "BM_SEND_HK_MID",
         "descr": "0x19F1(6641) => 0xF119(61721), 0xC000(49152) => 0x00C0(192), 0x0001 => 0x0100(256)",
         "id": 30,
         "stream-id": 61721,
         "seq-seg": 192,
         "length": 256
      }},

      {"message": {
         "name":  "BM_WAKEUP_MID",
         "descr": "0x19F2(6642) => 0xF219(61977), 0xC000(49152) => 0x00C0(192), 0x0001 => 0x0100(256)",
         "id": 31,
         "stream-id": 61977,
         "seq-seg": 192,
         "length": 256
      }},

      {"message": {
         "name":  "HC_SEND_HK_MID",
         "descr": "0x19BA(6586) => 0xBA19(47641), 0xC000(49152) => 0x00C0(192), 0x0001 => 0x0100(256)",
         "id": 32,
         "stream-id": 47641,
         "seq-seg": 192,
         "length": 256
      }},
  
      {"message": {
         "name":  "HC_01HZ_WAKEUP_MID",
         "descr": "0x19C1(6593) => 0xC119(49433), 0xC000(49152) => 0x00C0(192), 0x0001 => 0x0100(256)",
         "id": 33,
         "stream-id": 49433,
         "seq-seg": 192,
         "length": 256
      }},
  
      {"message": {
         "name":  "HSIM_SEND_HK_MID",
         "descr": "0x19B2(6578) => 0xB219(45593), 0xC000(49152) => 0x00C0(192), 0x0001 => 0x0100(256)",
         "id": 34,
         "stream-id": 45593,
         "seq-seg": 192,
         "length": 256
      }},
  
      {"message": {
         "name":  "HSIM_SEND_DATA_MID",
         "descr": "0x19B3(6578) => 0xB319(45849), 0xC000(49152) => 0x00C0(192), 0x0001 => 0x0100(256)",
         "id": 35,
         "stream-id": 45849,
         "seq-seg": 192,
         "length": 256
      }},
  
      {"message": {
         "name":  "KIT_CI_SEND_HK_MID",
         "descr": "0x1885(6277) => 0x8518(34072), 0xC000(49152) => 0x00C0(192), 0x0001 => 0x0100(256)",
         "id": 36,
         "stream-id": 34072,
         "seq-seg": 192,
         "length": 256
      }},

      {"message": {
         "name":  "KIT_SCH_SEND_HK_MID",
         "descr": "0x1896(6294) => 0x9618(38424), 0xC000(49152) => 0x00C0(192), 0x0001 => 0x0100(256)",
         "id": 37,
         "stream-id": 38424,
         "seq-seg": 192,
         "length": 256
      }},

      {"message": {
         "name":  "KIT_TO_SEND_HK_MID",
         "descr": "0x1881(6273) => 0x8118(33048), 0xC000(49152) => 0x00C0(192), 0x0001 => 0x0100(256)",
         "id": 38,
         "stream-id": 33048,
         "seq-seg": 192,
         "length": 256
      }},

      {"message": {
         "name":  "TFTP_SEND_HK_MID",
         "descr": "0x1901(6401) => 0x0119(281), 0xC000(49152) => 0x00C0(192), 0x0001 => 0x0100(256)",
         "id": 39,
         "stream-id": 281,
         "seq-seg": 192,
         "length": 256
      }},

      {"message": {
         "name":  "F42_SEND_HK_MID",
         "descr": "0x19D1(6609) => 0xD119(53529), 0xC000(49152) => 0x00C0(192), 0x0001 => 0x0100(256)",
         "id": 40,
         "stream-id": 53529,
         "seq-seg": 192,
         "length": 256
      }},

      {"message": {
         "name":  "I42_SEND_HK_MID",
         "descr": "0x19D3(6611) => 0xD319(54041), 0xC000(49152) => 0x00C0(192), 0x0001 => 0x0100(256)",
         "id": 41,
         "stream-id": 54041,
         "seq-seg": 192,
         "length": 256
      }},

      {"message": {
         "name":  "KIT_TO_SEND_FLAG_MID",
         "descr": "Super Secret Flag Sending Telemetry Message",
         "id": 42,
         "stream-id": 33304,
         "seq-seg": 192,
         "length": 256
      }},
      
      {"message": {
         "name":  "TEST_SEND_HK_MID",
         "descr": "0x1902(6402) => 0x0219(537), 0xC000(49152) => 0x00C0(192), 0x0001 => 0x0100(256)",
         "id": 100,
         "stream-id": 537,
         "seq-seg": 192,
         "length": 256
      }},

      {"message": {
         "name":  "Test Packet",
         "descr": "Test packet 0x17FF(6143) => 0xFF17 (65303) with data 6 bytes of data Length of 7 0x0700(1792)",
         "id": 101,
         "stream-id": 65303,
         "seq-seg": 192,
         "length": 1792,
         "data-words": "1,2,3,4,5,6"
      }}
   ]
}

